Sharpe Ratio,CVaR Ratio,Calmar Ratio
0.8426346834148049,0.003118734066649598,0.001278438273074795
