Sharpe Ratio,CVaR Ratio,Calmar Ratio
0.8426346845559382,0.0031187340709017703,0.0012784382749535818
