Sharpe Ratio,CVaR Ratio,Calmar Ratio
0.8248959322345056,0.0030501030487683004,0.001249477779780539
